<?xml version='1.0' standalone='yes'?>
<extension>
  <name>PLUGIN_MELLOWDSP</name>
  <creator>Mellow Software House</creator>
  <defaultState>enabled</defaultState>
  <description>PLUGIN_MELLOWDSP_DESC</description>
  <email>info@mellowsoftwarehouse.com</email>
  <homepageURL>https://github.com/mellowsoftwarehouse/MellowDSP</homepageURL>
  <id>5A8C91E2-24C6-11EF-9262-0242AC120002</id>
  <module>Plugins::MellowDSP::Plugin</module>
  <optionsURL>plugins/MellowDSP/settings/advanced.html</optionsURL>
  <playerSettingsClass>Plugins::MellowDSP::PlayerSettings</playerSettingsClass>
  <targetApplication>
    <id>Lyrion Music Server</id>
    <maxVersion>*</maxVersion>
    <minVersion>9.0</minVersion>
  </targetApplication>
  <type>2</type>
  <version>3.0.6</version>
</extension>
